<?xml version="1.0" encoding="UTF-8"?>
<project-private xmlns="http://www.netbeans.org/ns/project-private/1">
    <editor-bookmarks xmlns="http://www.netbeans.org/ns/editor-bookmarks/2" lastBookmarkId="0"/>
    <open-files xmlns="http://www.netbeans.org/ns/projectui-open-files/2">
        <group>
            <file>file:/C:/praca/UNI02/Atmosferyczny/v16/TRZASK/T02_v16/konfig.h</file>
            <file>file:/C:/praca/UNI02/Atmosferyczny/v16/TRZASK/T02_v16/global.h</file>
            <file>file:/C:/praca/UNI02/Atmosferyczny/v16/TRZASK/T02_v16/main.c</file>
            <file>file:/C:/praca/UNI02/Atmosferyczny/v16/TRZASK/T02_v16/pompa.c</file>
            <file>file:/C:/praca/UNI02/Atmosferyczny/v16/TRZASK/T02_v16/pompa.h</file>
            <file>file:/C:/praca/UNI02/Atmosferyczny/v16/TRZASK/T02_v16/main.h</file>
            <file>file:/C:/praca/UNI02/Atmosferyczny/v16/TRZASK/T02_v16/T02.X/nbproject/Makefile-default.mk</file>
            <file>file:/C:/praca/UNI02/Atmosferyczny/v16/TRZASK/T02_v16/defaultpar.h</file>
            <file>file:/C:/praca/UNI02/Atmosferyczny/v16/TRZASK/T02_v16/wersja.h</file>
        </group>
    </open-files>
</project-private>
