<?xml version="1.0" encoding="UTF-8"?>
<project-private xmlns="http://www.netbeans.org/ns/project-private/1">
    <editor-bookmarks xmlns="http://www.netbeans.org/ns/editor-bookmarks/1"/>
    <editor-bookmarks xmlns="http://www.netbeans.org/ns/editor-bookmarks/2" lastBookmarkId="35">
        <file>
            <url>main.c</url>
            <bookmark id="22">
                <name/>
                <line>1612</line>
                <key/>
            </bookmark>
            <bookmark id="23">
                <name/>
                <line>1619</line>
                <key/>
            </bookmark>
            <bookmark id="20">
                <name/>
                <line>1683</line>
                <key/>
            </bookmark>
            <bookmark id="21">
                <name/>
                <line>1701</line>
                <key/>
            </bookmark>
            <bookmark id="18">
                <name/>
                <line>1778</line>
                <key/>
            </bookmark>
            <bookmark id="5">
                <name/>
                <line>1779</line>
                <key/>
            </bookmark>
            <bookmark id="6">
                <name/>
                <line>1784</line>
                <key/>
            </bookmark>
            <bookmark id="19">
                <name/>
                <line>1785</line>
                <key/>
            </bookmark>
            <bookmark id="30">
                <name/>
                <line>1906</line>
                <key/>
            </bookmark>
            <bookmark id="15">
                <name/>
                <line>1924</line>
                <key/>
            </bookmark>
        </file>
        <file>
            <url>LIN1SInterpreter.c</url>
            <bookmark id="35">
                <name/>
                <line>2224</line>
                <key/>
            </bookmark>
        </file>
        <file>
            <url>print.c</url>
            <bookmark id="31">
                <name/>
                <line>769</line>
                <key/>
            </bookmark>
            <bookmark id="32">
                <name/>
                <line>779</line>
                <key/>
            </bookmark>
            <bookmark id="27">
                <name/>
                <line>883</line>
                <key/>
            </bookmark>
            <bookmark id="26">
                <name/>
                <line>907</line>
                <key/>
            </bookmark>
            <bookmark id="28">
                <name/>
                <line>938</line>
                <key/>
            </bookmark>
            <bookmark id="29">
                <name/>
                <line>958</line>
                <key/>
            </bookmark>
        </file>
    </editor-bookmarks>
    <open-files xmlns="http://www.netbeans.org/ns/projectui-open-files/2">
        <group>
            <file>file:/C:/praca/PICC/UNI02/NEXT/UNI02_K_LCD/T03_LCD/wersja.h</file>
            <file>file:/C:/praca/PICC/UNI02/NEXT/UNI02_K_LCD/T03_LCD/main.c</file>
            <file>file:/C:/praca/PICC/UNI02/NEXT/UNI02_K_LCD/T03_LCD/LIN1SInterpreter.c</file>
            <file>file:/C:/praca/PICC/UNI02/NEXT/UNI02_K_LCD/T03_LCD/LIN1Slave.c</file>
            <file>file:/C:/praca/PICC/UNI02/NEXT/UNI02_K_LCD/T03_LCD/global.h</file>
            <file>file:/C:/praca/PICC/UNI02/NEXT/UNI02_K_LCD/T03_LCD/konfig3.c</file>
        </group>
    </open-files>
</project-private>
