<?xml version="1.0" encoding="UTF-8"?>
<project-private xmlns="http://www.netbeans.org/ns/project-private/1">
    <editor-bookmarks xmlns="http://www.netbeans.org/ns/editor-bookmarks/1"/>
    <editor-bookmarks xmlns="http://www.netbeans.org/ns/editor-bookmarks/2" lastBookmarkId="35">
        <file>
            <url>main.c</url>
            <bookmark id="22">
                <name/>
                <line>1625</line>
                <key/>
            </bookmark>
            <bookmark id="23">
                <name/>
                <line>1632</line>
                <key/>
            </bookmark>
            <bookmark id="20">
                <name/>
                <line>1696</line>
                <key/>
            </bookmark>
            <bookmark id="21">
                <name/>
                <line>1714</line>
                <key/>
            </bookmark>
            <bookmark id="18">
                <name/>
                <line>1791</line>
                <key/>
            </bookmark>
            <bookmark id="5">
                <name/>
                <line>1792</line>
                <key/>
            </bookmark>
            <bookmark id="6">
                <name/>
                <line>1797</line>
                <key/>
            </bookmark>
            <bookmark id="19">
                <name/>
                <line>1798</line>
                <key/>
            </bookmark>
            <bookmark id="30">
                <name/>
                <line>1919</line>
                <key/>
            </bookmark>
            <bookmark id="15">
                <name/>
                <line>1937</line>
                <key/>
            </bookmark>
        </file>
        <file>
            <url>LIN1SInterpreter.c</url>
            <bookmark id="35">
                <name/>
                <line>2227</line>
                <key/>
            </bookmark>
        </file>
        <file>
            <url>print.c</url>
            <bookmark id="31">
                <name/>
                <line>769</line>
                <key/>
            </bookmark>
            <bookmark id="32">
                <name/>
                <line>779</line>
                <key/>
            </bookmark>
            <bookmark id="27">
                <name/>
                <line>883</line>
                <key/>
            </bookmark>
            <bookmark id="26">
                <name/>
                <line>907</line>
                <key/>
            </bookmark>
            <bookmark id="28">
                <name/>
                <line>938</line>
                <key/>
            </bookmark>
            <bookmark id="29">
                <name/>
                <line>958</line>
                <key/>
            </bookmark>
        </file>
    </editor-bookmarks>
    <open-files xmlns="http://www.netbeans.org/ns/projectui-open-files/2">
        <group>
            <file>file:/C:/praca/PICC/UNI02/NEXT/UNI02_K_LCD/T03_LCD/print.c</file>
            <file>file:/C:/praca/PICC/UNI02/NEXT/UNI02_K_LCD/T03_LCD/wersja.h</file>
            <file>file:/C:/praca/PICC/UNI02/NEXT/UNI02_K_LCD/T03_LCD/kolejka.c</file>
            <file>file:/C:/praca/PICC/UNI02/NEXT/UNI02_K_LCD/T03_LCD/konfig3.c</file>
            <file>file:/C:/praca/PICC/UNI02/NEXT/UNI02_K_LCD/T03_LCD/main.c</file>
            <file>file:/C:/praca/PICC/UNI02/NEXT/UNI02_K_LCD/T03_LCD/global.h</file>
            <file>file:/C:/praca/PICC/UNI02/NEXT/UNI02_K_LCD/T03_LCD/amgs_rs9b.c</file>
            <file>file:/C:/praca/PICC/UNI02/NEXT/UNI02_K_LCD/T03_LCD/amgs_rs9b.tp.h</file>
            <file>file:/C:/praca/PICC/UNI02/NEXT/UNI02_K_LCD/T03_LCD/keypad.c</file>
            <file>file:/C:/praca/PICC/UNI02/NEXT/UNI02_K_LCD/T03_LCD/readdtal.c</file>
            <file>file:/C:/praca/PICC/UNI02/NEXT/UNI02_K_LCD/T03_LCD/konfig3.h</file>
            <file>file:/C:/praca/PICC/UNI02/NEXT/UNI02_K_LCD/T03_LCD/main.tp.h</file>
        </group>
    </open-files>
</project-private>
