<?xml version="1.0" encoding="UTF-8"?>
<project-private xmlns="http://www.netbeans.org/ns/project-private/1">
    <editor-bookmarks xmlns="http://www.netbeans.org/ns/editor-bookmarks/2" lastBookmarkId="2">
        <file>
            <url>PRJ/UNI02_K_STR/main.c</url>
            <bookmark id="2">
                <name/>
                <line>1758</line>
                <key/>
            </bookmark>
            <bookmark id="1">
                <name/>
                <line>2476</line>
                <key/>
            </bookmark>
        </file>
    </editor-bookmarks>
    <open-files xmlns="http://www.netbeans.org/ns/projectui-open-files/2">
        <group>
            <file>file:/C:/praca/PICC/UNI02/Atmosferyczny/LCD/UNI02_A_STR/T02_STR/PRJ/UNI02_A_STR/defaultpar.h</file>
        </group>
    </open-files>
</project-private>
