<?xml version="1.0" encoding="UTF-8"?>
<project-private xmlns="http://www.netbeans.org/ns/project-private/1">
    <editor-bookmarks xmlns="http://www.netbeans.org/ns/editor-bookmarks/2" lastBookmarkId="2">
        <file>
            <url>PRJ/UNI02_K_STR/main.c</url>
            <bookmark id="2">
                <name/>
                <line>2103</line>
                <key/>
            </bookmark>
            <bookmark id="1">
                <name/>
                <line>2992</line>
                <key/>
            </bookmark>
        </file>
    </editor-bookmarks>
    <open-files xmlns="http://www.netbeans.org/ns/projectui-open-files/2">
        <group>
            <file>file:/C:/praca/PICC/UNI02/NEXT/UNI02_K_STR/T03_STR/PRJ/UNI02_K_STR/czcw.c</file>
            <file>file:/C:/praca/PICC/UNI02/NEXT/UNI02_K_STR/T03_STR/PRJ/UNI02_K_STR/czcw.tp.h</file>
            <file>file:/C:/praca/PICC/UNI02/NEXT/UNI02_K_STR/T03_STR/PRJ/UNI02_K_STR/i2c_proc.c</file>
            <file>file:/C:/praca/PICC/UNI02/NEXT/UNI02_K_STR/T03_STR/PRJ/UNI02_K_STR/main.c</file>
            <file>file:/C:/praca/PICC/UNI02/NEXT/UNI02_K_STR/T03_STR/PRJ/UNI02_K_STR/isr.c</file>
            <file>file:/C:/praca/PICC/UNI02/NEXT/UNI02_K_STR/T03_STR/PRJ/UNI02_K_STR/global.h</file>
            <file>file:/C:/praca/PICC/UNI02/NEXT/UNI02_K_STR/T03_STR/PRJ/UNI02_K_STR/czcw.h</file>
            <file>file:/C:/praca/PICC/UNI02/NEXT/UNI02_K_STR/T03_STR/mcc_generated_files/interrupt_manager.c</file>
            <file>file:/C:/praca/PICC/UNI02/NEXT/UNI02_K_STR/T03_STR/PRJ/UNI02_K_STR/czcw.ex.h</file>
            <file>file:/C:/praca/PICC/UNI02/NEXT/UNI02_K_STR/T03_STR/PRJ/UNI02_K_STR/konfig.c</file>
            <file>file:/C:/praca/PICC/UNI02/NEXT/UNI02_K_STR/T03_STR/PRJ/GRZ04/main.c</file>
            <file>file:/C:/praca/PICC/UNI02/NEXT/UNI02_K_STR/T03_STR/PRJ/UNI02_K_STR/konfig.h</file>
            <file>file:/C:/praca/PICC/UNI02/NEXT/UNI02_K_STR/T03_STR/PRJ/UNI02_K_STR/defaultpar.h</file>
            <file>file:/C:/praca/PICC/UNI02/NEXT/UNI02_K_STR/T03_STR/PRJ/UNI02_A_STR/main.h</file>
            <file>file:/C:/praca/PICC/UNI02/NEXT/UNI02_K_STR/T03_STR/PRJ/UNI02_K_STR/main.h</file>
            <file>file:/C:/praca/PICC/UNI02/NEXT/UNI02_K_STR/T03_STR/PRJ/UNI02_K_STR/port.c</file>
            <file>file:/C:/praca/PICC/UNI02/NEXT/UNI02_K_STR/T03_STR/PRJ/UNI02_K_STR/wersja.h</file>
            <file>file:/C:/praca/PICC/UNI02/NEXT/UNI02_K_STR/T03_STR/PRJ/UNI02_K_STR/smgs_rs9b.c</file>
        </group>
    </open-files>
</project-private>
