<?xml version="1.0" encoding="UTF-8"?>
<configurationDescriptor version="65">
  <logicalFolder name="root" displayName="root" projectFiles="true">
    <logicalFolder name="HeaderFiles"
                   displayName="Header Files"
                   projectFiles="true">
      <itemPath>../ac.h</itemPath>
      <itemPath>../czcw.h</itemPath>
      <itemPath>../czcw.tp.h</itemPath>
      <itemPath>../eeprom.h</itemPath>
      <itemPath>../global.h</itemPath>
      <itemPath>../i2c_s.h</itemPath>
      <itemPath>../i2c_s.tp.h</itemPath>
      <itemPath>../isr.h</itemPath>
      <itemPath>../keypad.h</itemPath>
      <itemPath>../keypad.tp.h</itemPath>
      <itemPath>../konfig.h</itemPath>
      <itemPath>../main.h</itemPath>
      <itemPath>../main.tp.h</itemPath>
      <itemPath>../pomiar.h</itemPath>
      <itemPath>../pomiar.tp.h</itemPath>
      <itemPath>../port.h</itemPath>
      <itemPath>../port.tp.h</itemPath>
      <itemPath>../print.h</itemPath>
      <itemPath>../pwm.h</itemPath>
      <itemPath>../pwm.tp.h</itemPath>
      <itemPath>../pwron.h</itemPath>
      <itemPath>../rgl.h</itemPath>
      <itemPath>../rgl.tp.h</itemPath>
      <itemPath>../rtimer.h</itemPath>
      <itemPath>../rtimer.tp.h</itemPath>
      <itemPath>../timer1.h</itemPath>
      <itemPath>../readdtal.h</itemPath>
      <itemPath>../konfig.tp.h</itemPath>
      <itemPath>../dtimy.h</itemPath>
      <itemPath>../smgs_rs9b.tp.h</itemPath>
      <itemPath>../smgs_rs9b.h</itemPath>
      <itemPath>../uart9b.tp.h</itemPath>
      <itemPath>../uart9b.h</itemPath>
      <itemPath>../pompa.tp.h</itemPath>
      <itemPath>../pompa.h</itemPath>
      <itemPath>../wersja.h</itemPath>
      <itemPath>../defaultpar.h</itemPath>
      <itemPath>../history.h</itemPath>
      <itemPath>../history.tp.h</itemPath>
    </logicalFolder>
    <logicalFolder name="SourceFiles"
                   displayName="Source Files"
                   projectFiles="true">
      <itemPath>../ac.c</itemPath>
      <itemPath>../bit.c</itemPath>
      <itemPath>../i2c_s.c</itemPath>
      <itemPath>../isr.c</itemPath>
      <itemPath>../main.c</itemPath>
      <itemPath>../osc.c</itemPath>
      <itemPath>../pomiar.c</itemPath>
      <itemPath>../port.c</itemPath>
      <itemPath>../print.c</itemPath>
      <itemPath>../pwm.c</itemPath>
      <itemPath>../pwron.c</itemPath>
      <itemPath>../rgl.c</itemPath>
      <itemPath>../rtimer.c</itemPath>
      <itemPath>../timer1.c</itemPath>
      <itemPath>../konfig.c</itemPath>
      <itemPath>../smgs_rs9b.c</itemPath>
      <itemPath>../uart9b.c</itemPath>
      <itemPath>../pompa.c</itemPath>
      <itemPath>../history.c</itemPath>
    </logicalFolder>
    <logicalFolder name="ExternalFiles"
                   displayName="Important Files"
                   projectFiles="false">
      <itemPath>Makefile</itemPath>
    </logicalFolder>
  </logicalFolder>
  <sourceRootList>
    <Elem>..</Elem>
  </sourceRootList>
  <projectmakefile>Makefile</projectmakefile>
  <confs>
    <conf name="default" type="2">
      <toolsSet>
        <developmentServer>localhost</developmentServer>
        <targetDevice>PIC18F46K20</targetDevice>
        <targetHeader></targetHeader>
        <targetPluginBoard></targetPluginBoard>
        <platformTool>RealICEPlatformTool</platformTool>
        <languageToolchain>hi-tech-picc18-std</languageToolchain>
        <languageToolchainVersion>9.51PL3</languageToolchainVersion>
        <platform>3</platform>
      </toolsSet>
      <packs>
        <pack name="PIC18F-K_DFP" vendor="Microchip" version="1.0.53"/>
      </packs>
      <compileType>
        <linkerTool>
          <linkerLibItems>
          </linkerLibItems>
        </linkerTool>
        <archiverTool>
        </archiverTool>
        <loading>
          <useAlternateLoadableFile>false</useAlternateLoadableFile>
          <parseOnProdLoad>false</parseOnProdLoad>
          <alternateLoadableFile></alternateLoadableFile>
        </loading>
        <subordinates>
        </subordinates>
      </compileType>
      <makeCustomizationType>
        <makeCustomizationPreStepEnabled>false</makeCustomizationPreStepEnabled>
        <makeCustomizationPreStep></makeCustomizationPreStep>
        <makeCustomizationPostStepEnabled>false</makeCustomizationPostStepEnabled>
        <makeCustomizationPostStep></makeCustomizationPostStep>
        <makeCustomizationPutChecksumInUserID>false</makeCustomizationPutChecksumInUserID>
        <makeCustomizationEnableLongLines>false</makeCustomizationEnableLongLines>
        <makeCustomizationNormalizeHexFile>false</makeCustomizationNormalizeHexFile>
      </makeCustomizationType>
      <HI-TECH-COMP>
        <property key="define-macros" value=""/>
        <property key="extra-include-directories" value="..;;."/>
        <property key="identifier-length" value="31"/>
        <property key="operation-mode" value="lite"/>
        <property key="optimization-assembler" value="true"/>
        <property key="optimization-assembler-files" value="false"/>
        <property key="optimization-debug" value="false"/>
        <property key="optimization-global" value="true"/>
        <property key="optimization-level" value="9"/>
        <property key="optimization-set" value="default"/>
        <property key="optimization-speed" value="false"/>
        <property key="preprocess-assembler" value="false"/>
        <property key="undefine-macros" value=""/>
        <property key="verbose" value="false"/>
        <property key="warning-level" value="0"/>
        <property key="what-to-do" value="ignore"/>
        <property key="what-to-do-ex" value="ignore"/>
      </HI-TECH-COMP>
      <HI-TECH-LINK>
        <property key="additional-options-callgraph" value="std"/>
        <property key="additional-options-checksum" value=""/>
        <property key="additional-options-code-offset" value=""/>
        <property key="additional-options-command-line" value=""/>
        <property key="additional-options-errata" value=""/>
        <property key="additional-options-extend-address" value="false"/>
        <property key="additional-options-trace-type" value=""/>
        <property key="backup-reset-condition-flags" value="false"/>
        <property key="calibrate-oscillator" value="true"/>
        <property key="calibrate-oscillator-value" value=""/>
        <property key="checksum-verification" value="false"/>
        <property key="clear-bss" value="true"/>
        <property key="code-model-external" value="wordwrite"/>
        <property key="code-model-instruction-set" value="mips32r2"/>
        <property key="code-model-pointer-size" value="16"/>
        <property key="code-model-rom" value=""/>
        <property key="create-html-files" value="false"/>
        <property key="data-model-memory" value="large"/>
        <property key="data-model-ram" value=""/>
        <property key="data-model-size-of-double" value="24"/>
        <property key="data-model-size-of-float" value="24"/>
        <property key="data-model-strict" value="false"/>
        <property key="display-class-usage" value="false"/>
        <property key="display-hex-usage" value="false"/>
        <property key="display-overall-usage" value="true"/>
        <property key="display-psect-usage" value="false"/>
        <property key="fill-flash-options-addr" value=""/>
        <property key="fill-flash-options-const" value=""/>
        <property key="fill-flash-options-how" value="0"/>
        <property key="fill-flash-options-inc-const" value=""/>
        <property key="fill-flash-options-increment" value=""/>
        <property key="fill-flash-options-seq" value=""/>
        <property key="fill-flash-options-what" value="0"/>
        <property key="format-hex-file-for-download" value="false"/>
        <property key="initialize-cp0" value="true"/>
        <property key="initialize-data" value="true"/>
        <property key="initialize-gprs" value="true"/>
        <property key="initialize-heap" value="true"/>
        <property key="initialize-stack" value="true"/>
        <property key="keep-generated-startup.as" value="false"/>
        <property key="link-in-c-library" value="true"/>
        <property key="link-in-peripheral-library" value="false"/>
        <property key="linker-interrupts-disable-usage" value="false"/>
        <property key="linker-interrupts-number-of-vectors" value="multi"/>
        <property key="linker-interrupts-table-location" value="boot"/>
        <property key="linker-interrupts-vector-type" value="rom"/>
        <property key="managed-stack" value="false"/>
        <property key="nmi-handler" value="true"/>
        <property key="optimal-performance" value="false"/>
        <property key="program-the-device-with-default-config-words" value="false"/>
        <property key="soft-reset-handler" value="true"/>
        <property key="test-ram-on-startup" value="true"/>
        <property key="unused-interrupt-vectors" value="-vec_reset,-vec_func"/>
        <property key="warn-on-stack-overflow" value="true"/>
      </HI-TECH-LINK>
      <RealICEPlatformTool>
        <property key="tracecontrol.disablemacros" value="true"/>
        <property key="tracecontrol.medium" value="0"/>
        <property key="tracecontrol.select" value="0"/>
      </RealICEPlatformTool>
    </conf>
  </confs>
</configurationDescriptor>
