<?xml version="1.0" encoding="UTF-8"?>
<project-private xmlns="http://www.netbeans.org/ns/project-private/1">
    <editor-bookmarks xmlns="http://www.netbeans.org/ns/editor-bookmarks/1"/>
    <editor-bookmarks xmlns="http://www.netbeans.org/ns/editor-bookmarks/2" lastBookmarkId="34">
        <file>
            <url>main.c</url>
            <bookmark id="22">
                <name/>
                <line>1764</line>
                <key/>
            </bookmark>
            <bookmark id="23">
                <name/>
                <line>1771</line>
                <key/>
            </bookmark>
            <bookmark id="20">
                <name/>
                <line>1835</line>
                <key/>
            </bookmark>
            <bookmark id="21">
                <name/>
                <line>1853</line>
                <key/>
            </bookmark>
            <bookmark id="18">
                <name/>
                <line>1930</line>
                <key/>
            </bookmark>
            <bookmark id="5">
                <name/>
                <line>1931</line>
                <key/>
            </bookmark>
            <bookmark id="6">
                <name/>
                <line>1936</line>
                <key/>
            </bookmark>
            <bookmark id="19">
                <name/>
                <line>1937</line>
                <key/>
            </bookmark>
            <bookmark id="30">
                <name/>
                <line>2058</line>
                <key/>
            </bookmark>
            <bookmark id="15">
                <name/>
                <line>2076</line>
                <key/>
            </bookmark>
        </file>
        <file>
            <url>print.c</url>
            <bookmark id="31">
                <name/>
                <line>772</line>
                <key/>
            </bookmark>
            <bookmark id="32">
                <name/>
                <line>782</line>
                <key/>
            </bookmark>
            <bookmark id="27">
                <name/>
                <line>885</line>
                <key/>
            </bookmark>
            <bookmark id="26">
                <name/>
                <line>909</line>
                <key/>
            </bookmark>
            <bookmark id="28">
                <name/>
                <line>940</line>
                <key/>
            </bookmark>
            <bookmark id="29">
                <name/>
                <line>960</line>
                <key/>
            </bookmark>
        </file>
    </editor-bookmarks>
    <open-files xmlns="http://www.netbeans.org/ns/projectui-open-files/2">
        <group>
            <file>file:/C:/praca/PICC/UNI02/NEXT/UNI02_A_LCD/T02_LCD/LIN1SInterpreter.c</file>
            <file>file:/C:/praca/PICC/UNI02/NEXT/UNI02_A_LCD/T02_LCD/wersja.h</file>
            <file>file:/C:/praca/PICC/UNI02/NEXT/UNI02_A_LCD/T02_LCD/main.c</file>
            <file>file:/C:/praca/PICC/UNI02/NEXT/UNI02_A_LCD/T02_LCD/konfig3.c</file>
        </group>
    </open-files>
</project-private>
