<?xml version="1.0" encoding="UTF-8"?>
<configurationDescriptor version="65">
  <logicalFolder name="root" displayName="root" projectFiles="true">
    <logicalFolder name="HeaderFiles"
                   displayName="Header Files"
                   projectFiles="true">
      <itemPath>global.h</itemPath>
      <itemPath>main.h</itemPath>
      <itemPath>isr.h</itemPath>
      <itemPath>i2c_s.h</itemPath>
      <itemPath>keypad.h</itemPath>
      <itemPath>kolejka.h</itemPath>
      <itemPath>konfig3.h</itemPath>
      <itemPath>konsola.h</itemPath>
      <itemPath>lled.h</itemPath>
      <itemPath>port.h</itemPath>
      <itemPath>print.h</itemPath>
      <itemPath>pwm2.h</itemPath>
      <itemPath>pwron.h</itemPath>
      <itemPath>readdtal.h</itemPath>
      <itemPath>rtimer.h</itemPath>
      <itemPath>timer1.h</itemPath>
      <itemPath>wsw.h</itemPath>
      <itemPath>wsw.tp.h</itemPath>
      <itemPath>auart9b.h</itemPath>
      <itemPath>auart9b.tp.h</itemPath>
      <itemPath>amgs_rs9b.h</itemPath>
      <itemPath>amgs_rs9b.tp.h</itemPath>
      <itemPath>LIN1SInterpreter.h</itemPath>
      <itemPath>LIN1Slave.h</itemPath>
      <itemPath>LIN1Slave.tp.h</itemPath>
      <itemPath>timer3.h</itemPath>
      <itemPath>i2c_s.tp.h</itemPath>
      <itemPath>keypad.tp.h</itemPath>
      <itemPath>konfig3.tp.h</itemPath>
      <itemPath>main.tp.h</itemPath>
      <itemPath>port.tp.h</itemPath>
      <itemPath>pwm2.tp.h</itemPath>
      <itemPath>rtimer.tp.h</itemPath>
      <itemPath>uart9b.h</itemPath>
      <itemPath>uart9b.tp.h</itemPath>
      <itemPath>wersja.h</itemPath>
      <itemPath>mgs_rs9b.h</itemPath>
      <itemPath>mgs_rs9b.tp.h</itemPath>
      <itemPath>ac.h</itemPath>
      <itemPath>ot.h</itemPath>
      <itemPath>ot.tp.h</itemPath>
      <itemPath>pomiar.h</itemPath>
      <itemPath>pomiar.tp.h</itemPath>
      <itemPath>timer0.h</itemPath>
      <itemPath>otInterpreter.h</itemPath>
    </logicalFolder>
    <logicalFolder name="LinkerScript"
                   displayName="Linker Files"
                   projectFiles="true">
    </logicalFolder>
    <logicalFolder name="SourceFiles"
                   displayName="Source Files"
                   projectFiles="true">
      <itemPath>bit.c</itemPath>
      <itemPath>i2c_s.c</itemPath>
      <itemPath>isr.c</itemPath>
      <itemPath>keypad.c</itemPath>
      <itemPath>kolejka.c</itemPath>
      <itemPath>konfig3.c</itemPath>
      <itemPath>konsola.c</itemPath>
      <itemPath>lled.c</itemPath>
      <itemPath>main.c</itemPath>
      <itemPath>osc.c</itemPath>
      <itemPath>port.c</itemPath>
      <itemPath>print.c</itemPath>
      <itemPath>pwm2.c</itemPath>
      <itemPath>pwron.c</itemPath>
      <itemPath>readdtal.c</itemPath>
      <itemPath>rtimer.c</itemPath>
      <itemPath>timer1.c</itemPath>
      <itemPath>wsw.c</itemPath>
      <itemPath>timer3.c</itemPath>
      <itemPath>auart9b.c</itemPath>
      <itemPath>amgs_rs9b.c</itemPath>
      <itemPath>uart9b.c</itemPath>
      <itemPath>mgs_rs9b.c</itemPath>
      <itemPath>LIN1SInterpreter.c</itemPath>
      <itemPath>LIN1Slave.c</itemPath>
      <itemPath>ac.c</itemPath>
      <itemPath>ot.c</itemPath>
      <itemPath>pomiar.c</itemPath>
      <itemPath>timer0.c</itemPath>
      <itemPath>otInterpreter.c</itemPath>
    </logicalFolder>
    <logicalFolder name="ExternalFiles"
                   displayName="Important Files"
                   projectFiles="false">
      <itemPath>Makefile</itemPath>
    </logicalFolder>
  </logicalFolder>
  <sourceRootList>
    <Elem>.</Elem>
    <Elem>../T03</Elem>
  </sourceRootList>
  <projectmakefile>Makefile</projectmakefile>
  <confs>
    <conf name="default" type="2">
      <toolsSet>
        <developmentServer>localhost</developmentServer>
        <targetDevice>PIC18F66J90</targetDevice>
        <targetHeader></targetHeader>
        <targetPluginBoard></targetPluginBoard>
        <platformTool>RealICEPlatformTool</platformTool>
        <languageToolchain>XC8</languageToolchain>
        <languageToolchainVersion>1.38</languageToolchainVersion>
        <platform>3</platform>
      </toolsSet>
      <packs>
        <pack name="PIC18F-J_DFP" vendor="Microchip" version="1.2.31"/>
      </packs>
      <ScriptingSettings>
      </ScriptingSettings>
      <compileType>
        <linkerTool>
          <linkerLibItems>
          </linkerLibItems>
        </linkerTool>
        <archiverTool>
        </archiverTool>
        <loading>
          <useAlternateLoadableFile>false</useAlternateLoadableFile>
          <parseOnProdLoad>false</parseOnProdLoad>
          <alternateLoadableFile></alternateLoadableFile>
        </loading>
        <subordinates>
        </subordinates>
      </compileType>
      <makeCustomizationType>
        <makeCustomizationPreStepEnabled>false</makeCustomizationPreStepEnabled>
        <makeUseCleanTarget>false</makeUseCleanTarget>
        <makeCustomizationPreStep></makeCustomizationPreStep>
        <makeCustomizationPostStepEnabled>false</makeCustomizationPostStepEnabled>
        <makeCustomizationPostStep></makeCustomizationPostStep>
        <makeCustomizationPutChecksumInUserID>false</makeCustomizationPutChecksumInUserID>
        <makeCustomizationEnableLongLines>false</makeCustomizationEnableLongLines>
        <makeCustomizationNormalizeHexFile>false</makeCustomizationNormalizeHexFile>
      </makeCustomizationType>
      <HI-TECH-COMP>
        <property key="additional-warnings" value="true"/>
        <property key="asmlist" value="true"/>
        <property key="default-bitfield-type" value="true"/>
        <property key="default-char-type" value="true"/>
        <property key="define-macros" value=""/>
        <property key="disable-optimizations" value="false"/>
        <property key="extra-include-directories" value="."/>
        <property key="favor-optimization-for" value="-speed,+space"/>
        <property key="garbage-collect-data" value="true"/>
        <property key="garbage-collect-functions" value="true"/>
        <property key="identifier-length" value="255"/>
        <property key="local-generation" value="false"/>
        <property key="operation-mode" value="pro"/>
        <property key="opt-xc8-compiler-strict_ansi" value="false"/>
        <property key="optimization-assembler" value="true"/>
        <property key="optimization-assembler-files" value="false"/>
        <property key="optimization-debug" value="false"/>
        <property key="optimization-invariant-enable" value="false"/>
        <property key="optimization-invariant-value" value="16"/>
        <property key="optimization-level" value="-Os"/>
        <property key="optimization-speed" value="false"/>
        <property key="optimization-stable-enable" value="false"/>
        <property key="pack-struct" value="true"/>
        <property key="preprocess-assembler" value="true"/>
        <property key="short-enums" value="true"/>
        <property key="undefine-macros" value=""/>
        <property key="use-cci" value="false"/>
        <property key="use-iar" value="false"/>
        <property key="verbose" value="false"/>
        <property key="warning-level" value="0"/>
        <property key="what-to-do" value="ignore"/>
      </HI-TECH-COMP>
      <HI-TECH-LINK>
        <property key="additional-options-checksum" value=""/>
        <property key="additional-options-code-offset" value=""/>
        <property key="additional-options-command-line" value=""/>
        <property key="additional-options-errata" value=""/>
        <property key="additional-options-extend-address" value="false"/>
        <property key="additional-options-trace-type" value=""/>
        <property key="additional-options-use-response-files" value="false"/>
        <property key="backup-reset-condition-flags" value="false"/>
        <property key="calibrate-oscillator" value="true"/>
        <property key="calibrate-oscillator-value" value="0"/>
        <property key="clear-bss" value="true"/>
        <property key="code-model-external" value="wordwrite"/>
        <property key="code-model-rom" value=""/>
        <property key="create-html-files" value="false"/>
        <property key="data-model-ram" value=""/>
        <property key="data-model-size-of-double" value="24"/>
        <property key="data-model-size-of-double-gcc" value="short-double"/>
        <property key="data-model-size-of-float" value="24"/>
        <property key="data-model-size-of-float-gcc" value="short-float"/>
        <property key="display-class-usage" value="false"/>
        <property key="display-hex-usage" value="false"/>
        <property key="display-overall-usage" value="true"/>
        <property key="display-psect-usage" value="false"/>
        <property key="extra-lib-directories" value=""/>
        <property key="fill-flash-options-addr" value=""/>
        <property key="fill-flash-options-const" value=""/>
        <property key="fill-flash-options-how" value="0"/>
        <property key="fill-flash-options-inc-const" value=""/>
        <property key="fill-flash-options-increment" value=""/>
        <property key="fill-flash-options-seq" value=""/>
        <property key="fill-flash-options-what" value="0"/>
        <property key="format-hex-file-for-download" value="false"/>
        <property key="initialize-data" value="true"/>
        <property key="input-libraries" value="libm"/>
        <property key="keep-generated-startup.as" value="false"/>
        <property key="link-in-c-library" value="true"/>
        <property key="link-in-c-library-gcc" value=""/>
        <property key="link-in-peripheral-library" value="false"/>
        <property key="managed-stack" value="false"/>
        <property key="opt-xc8-linker-file" value="false"/>
        <property key="opt-xc8-linker-link_startup" value="false"/>
        <property key="opt-xc8-linker-serial" value=""/>
        <property key="program-the-device-with-default-config-words" value="false"/>
        <property key="remove-unused-sections" value="true"/>
      </HI-TECH-LINK>
      <RealICEPlatformTool>
        <property key="AutoSelectMemRanges" value="auto"/>
        <property key="Freeze Peripherals" value="true"/>
        <property key="RIExTrigs.Five" value="OFF"/>
        <property key="RIExTrigs.Four" value="OFF"/>
        <property key="RIExTrigs.One" value="OFF"/>
        <property key="RIExTrigs.Seven" value="OFF"/>
        <property key="RIExTrigs.Six" value="OFF"/>
        <property key="RIExTrigs.Three" value="OFF"/>
        <property key="RIExTrigs.Two" value="OFF"/>
        <property key="RIExTrigs.Zero" value="OFF"/>
        <property key="SecureSegment.SegmentProgramming" value="FullChipProgramming"/>
        <property key="ToolFirmwareFilePath"
                  value="Press to browse for a specific firmware version"/>
        <property key="ToolFirmwareOption.UseLatestFirmware" value="true"/>
        <property key="debugoptions.useswbreakpoints" value="true"/>
        <property key="firmware.download.all" value="false"/>
        <property key="hwtoolclock.frcindebug" value="false"/>
        <property key="hwtoolclock.instructionspeed" value="4"/>
        <property key="hwtoolclock.units" value="mips"/>
        <property key="memories.aux" value="false"/>
        <property key="memories.bootflash" value="true"/>
        <property key="memories.configurationmemory" value="true"/>
        <property key="memories.configurationmemory2" value="true"/>
        <property key="memories.dataflash" value="true"/>
        <property key="memories.eeprom" value="true"/>
        <property key="memories.flashdata" value="true"/>
        <property key="memories.id" value="true"/>
        <property key="memories.instruction.ram" value="true"/>
        <property key="memories.instruction.ram.ranges"
                  value="${memories.instruction.ram.ranges}"/>
        <property key="memories.programmemory" value="true"/>
        <property key="memories.programmemory.ranges" value="0-fff7"/>
        <property key="poweroptions.powerenable" value="false"/>
        <property key="programoptions.donoteraseauxmem" value="false"/>
        <property key="programoptions.eraseb4program" value="true"/>
        <property key="programoptions.preservedataflash" value="false"/>
        <property key="programoptions.preservedataflash.ranges" value=""/>
        <property key="programoptions.preserveeeprom" value="false"/>
        <property key="programoptions.preserveeeprom.ranges" value=""/>
        <property key="programoptions.preserveprogram.ranges" value=""/>
        <property key="programoptions.preserveprogramrange" value="false"/>
        <property key="programoptions.preserveuserid" value="false"/>
        <property key="programoptions.programcalmem" value="false"/>
        <property key="programoptions.programuserotp" value="false"/>
        <property key="programoptions.usehighvoltageonmclr" value="false"/>
        <property key="programoptions.uselvpprogramming" value="false"/>
        <property key="tracecontrol.disablemacros" value="true"/>
        <property key="tracecontrol.include.timestamp" value="summarydataenabled"/>
        <property key="tracecontrol.medium" value="0"/>
        <property key="tracecontrol.portselect" value="0"/>
        <property key="tracecontrol.select" value="0"/>
        <property key="tracecontrol.spiselect" value="0"/>
        <property key="tracecontrol.stallontracebufferfull" value="false"/>
        <property key="tracecontrol.tracebufmax" value="546000"/>
        <property key="tracecontrol.tracefile" value="defmplabxtrace.log"/>
        <property key="tracecontrol.tracefilemax" value="10000000"/>
        <property key="voltagevalue" value="3.25"/>
      </RealICEPlatformTool>
      <XC8-CO>
        <property key="coverage-enable" value=""/>
      </XC8-CO>
      <XC8-config-global>
        <property key="advanced-elf" value="false"/>
        <property key="gcc-opt-driver-new" value="false"/>
        <property key="gcc-opt-std" value="--std=c89"/>
        <property key="gcc-output-file-format" value="dwarf-3"/>
        <property key="omit-pack-options" value="false"/>
        <property key="output-file-format" value="-mcof,+elf"/>
        <property key="stack-size-high" value=""/>
        <property key="stack-size-low" value=""/>
        <property key="stack-size-main" value=""/>
        <property key="stack-type" value="compiled"/>
        <property key="user-pack-device-support" value=""/>
      </XC8-config-global>
      <pk4hybrid>
        <property key="debugoptions.useswbreakpoints" value="true"/>
      </pk4hybrid>
    </conf>
  </confs>
</configurationDescriptor>
